{
  "Workflows": [
    {
      "Path": null,
      "SortBy": 0,
      "VariablesSectionElementsOrder": [],
      "ArgumentsSectionElementsOrder": null,
      "ConstantsSectionElementsOrder": [],
      "AddedNamespaces": null
    },
    {
      "Path": "Main.xaml",
      "SortBy": 0,
      "VariablesSectionElementsOrder": [
        "ExtractDataTable&Flowchart_1",
        "variable1&Sequence_7",
        "출력&Sequence_7",
        "매매기준율&Sequence_15",
        "오늘날짜&Sequence_22",
        "variable1&Sequence_24",
        "variable1&Sequence_26",
        "Number&Sequence_27"
      ],
      "ArgumentsSectionElementsOrder": [],
      "ConstantsSectionElementsOrder": [],
      "AddedNamespaces": null
    }
  ]
}