{
  "Workflows": [
    {
      "Path": null,
      "SortBy": 0,
      "VariablesSectionElementsOrder": [],
      "ArgumentsSectionElementsOrder": null,
      "ConstantsSectionElementsOrder": [],
      "AddedNamespaces": null
    },
    {
      "Path": "Main.xaml",
      "SortBy": 0,
      "VariablesSectionElementsOrder": [
        "TransactionItem&Flowchart_1",
        "variable1&Sequence_40",
        "출력&Sequence_40",
        "매매기준율&Sequence_45",
        "오늘날짜&Sequence_47",
        "ExtractDataTable&Flowchart_2",
        "variable1&Sequence_24",
        "variable1&Sequence_26",
        "Number&Sequence_27",
        "Country&Sequence_22",
        "Name&Sequence_22",
        "ID&Sequence_22",
        "WIID&Sequence_22",
        "DT_New&Flowchart_1",
        "ExtractDataTable&Sequence_19",
        "B&Sequence_18",
        "A&Sequence_18",
        "Total&Sequence_18",
        "KCCReport&Sequence_13",
        "Username&Sequence_13",
        "Sheets&Sequence_4",
        "DT_Config&Sequence_4",
        "Username&Sequence_9",
        "Password&Sequence_9",
        "Config&Flowchart_1",
        "Dic_Name&Sequence_2"
      ],
      "ArgumentsSectionElementsOrder": [],
      "ConstantsSectionElementsOrder": [],
      "AddedNamespaces": null
    },
    {
      "Path": "Total.xaml",
      "SortBy": 0,
      "VariablesSectionElementsOrder": [],
      "ArgumentsSectionElementsOrder": [
        "out_Total",
        "in_B",
        "in_A"
      ],
      "ConstantsSectionElementsOrder": [],
      "AddedNamespaces": null
    },
    {
      "Path": "Extract_WI5.xaml",
      "SortBy": 0,
      "VariablesSectionElementsOrder": [
        "ExtractDataTable&Sequence_20"
      ],
      "ArgumentsSectionElementsOrder": [
        "out_DT_New"
      ],
      "ConstantsSectionElementsOrder": [],
      "AddedNamespaces": null
    },
    {
      "Path": "MoveSite.xaml",
      "SortBy": 0,
      "VariablesSectionElementsOrder": [],
      "ArgumentsSectionElementsOrder": [
        "WIID"
      ],
      "ConstantsSectionElementsOrder": [],
      "AddedNamespaces": null
    }
  ]
}