{
  "Workflows": [
    {
      "Path": null,
      "SortBy": 0,
      "VariablesSectionElementsOrder": [],
      "ArgumentsSectionElementsOrder": null,
      "ConstantsSectionElementsOrder": [],
      "AddedNamespaces": null
    },
    {
      "Path": "Main.xaml",
      "SortBy": 0,
      "VariablesSectionElementsOrder": [
        "IsTrue&Sequence_22",
        "DT_Destination&Sequence_15",
        "DT_Source&Sequence_18",
        "IsFirst&Sequence_15",
        "Wheres&Sequence_9",
        "DT_New&Sequence_9",
        "DT_Employee&Sequence_11",
        "Selects&Sequence_11",
        "DT_Employee&Sequence_9",
        "짝수&Sequence_2",
        "Numbers&Sequence_5",
        "제곱&Sequence_5",
        "Numbers&Sequence_2"
      ],
      "ArgumentsSectionElementsOrder": [],
      "ConstantsSectionElementsOrder": [],
      "AddedNamespaces": null
    }
  ]
}