{
  "Workflows": [
    {
      "Path": null,
      "SortBy": 0,
      "VariablesSectionElementsOrder": [],
      "ArgumentsSectionElementsOrder": null,
      "ConstantsSectionElementsOrder": [],
      "AddedNamespaces": null
    },
    {
      "Path": "Main.xaml",
      "SortBy": 0,
      "VariablesSectionElementsOrder": [
        "Age&Sequence_48",
        "NewSheet&Sequence_43",
        "ExtractDataTable&Sequence_43",
        "출원번호&Sequence_43",
        "DT_New&Sequence_38",
        "DT_Export&Sequence_38",
        "Months&Sequence_17",
        "TaxID&Flowchart_1",
        "WIID&Flowchart_1",
        "Type&Sequence_18",
        "ExtractDataTable&Sequence_14",
        "Days&Sequence_8"
      ],
      "ArgumentsSectionElementsOrder": [],
      "ConstantsSectionElementsOrder": [],
      "AddedNamespaces": null
    }
  ]
}